Mercy Abang: https://en.wikipedia.org/wiki/Mercy_Abang
Nazmul Ahasan: https://en.wikipedia.org/wiki/FRM_Nazmul_Ahasan
Abang Mercy: https://en.wikipedia.org/wiki/Mercy_Abang
Ahasan Nazmul: https://en.wikipedia.org/wiki/FRM_Nazmul_Ahasan
Tomiwa Aladekomo: https://en.wikipedia.org/wiki/Tomiwa_Aladekomo
Aladekomo Tomiwa: https://en.wikipedia.org/wiki/Tomiwa_Aladekomo
Julia Angwin: https://en.wikipedia.org/wiki/Julia_Angwin
Angwin Julia: https://en.wikipedia.org/wiki/Julia_Angwin
Ros Atkins: https://en.wikipedia.org/wiki/Ros_Atkins
Atkins Ros: https://en.wikipedia.org/wiki/Ros_Atkins
Lina Attalah: https://en.wikipedia.org/wiki/Lina_Attalah
Attalah Lina: https://en.wikipedia.org/wiki/Lina_Attalah
Charlie Beckett: https://en.wikipedia.org/wiki/Charlie_Beckett
Beckett Charlie: https://en.wikipedia.org/wiki/Charlie_Beckett
Ed Bice: https://en.wikipedia.org/wiki/Bice
Bice Ed: https://en.wikipedia.org/wiki/Bice
Jeremy Bowen: https://en.wikipedia.org/wiki/Jeremy_Bowen
Bowen Jeremy: https://en.wikipedia.org/wiki/Jeremy_Bowen
Yael Braudo-Bahat: https://en.wikipedia.org/wiki/Yael_Braudo-Bahat
Meredith Broussard: https://en.wikipedia.org/wiki/Meredith_Broussard
Braudo-Bahat Yael: https://en.wikipedia.org/wiki/Yael_Braudo-Bahat
Broussard Meredith: https://en.wikipedia.org/wiki/Meredith_Broussard
David Campbell: https://en.wikipedia.org/wiki/David_Campbell
Campbell David: https://en.wikipedia.org/wiki/David_Campbell
Samuel Chu: https://en.wikipedia.org/wiki/Samuel_Chu
Chu Samuel: https://en.wikipedia.org/wiki/Samuel_Chu
Jesse Coburn: https://en.wikipedia.org/wiki/Jesse_Milton_Coburn
Matt Cooke: https://en.wikipedia.org/wiki/Matt_Cooke
John Crowley: https://en.wikipedia.org/wiki/John_Crowley_(director)
Cooke Matt: https://en.wikipedia.org/wiki/Matt_Cooke
Crowley John: https://en.wikipedia.org/wiki/John_Crowley_(director)
Mukul Devichand: https://en.wikipedia.org/wiki/Mukul_Devichand
Devichand Mukul: https://en.wikipedia.org/wiki/Mukul_Devichand
Jin Ding: https://en.wikipedia.org/wiki/Duke_Ding_of_Jin
Yousra Elbagir: https://en.wikipedia.org/wiki/Yousra_Elbagir
Robert Elder: https://en.wikipedia.org/wiki/Robert_Elder
Elbagir Yousra: https://en.wikipedia.org/wiki/Yousra_Elbagir
Elder Robert: https://en.wikipedia.org/wiki/Robert_Elder
Anthony Feinstein: https://en.wikipedia.org/wiki/Anthony_Feinstein
Feinstein Anthony: https://en.wikipedia.org/wiki/Anthony_Feinstein
Mary Fitzgerald: https://en.wikipedia.org/wiki/Mary_Fitzgerald
Carine Fouteau: https://en.wikipedia.org/wiki/Carine_Fouteau
Fitzgerald Mary: https://en.wikipedia.org/wiki/Mary_Fitzgerald
Fouteau Carine: https://en.wikipedia.org/wiki/Carine_Fouteau
Caoilfhionn Gallagher: https://en.wikipedia.org/wiki/Caoilfhionn_Gallagher
Manisha Ganguly: https://en.wikipedia.org/wiki/Manisha_Ganguly
Gallagher Caoilfhionn: https://en.wikipedia.org/wiki/Caoilfhionn_Gallagher
Ganguly Manisha: https://en.wikipedia.org/wiki/Manisha_Ganguly
Janine Gibson: https://en.wikipedia.org/wiki/Janine_Gibson
Gibson Janine: https://en.wikipedia.org/wiki/Janine_Gibson
Mark Graham: https://en.wikipedia.org/wiki/Mark_Graham
Graham Mark: https://en.wikipedia.org/wiki/Mark_Graham
Nataliya Gumenyuk: https://en.wikipedia.org/wiki/Nataliya_Gumenyuk
Gumenyuk Nataliya: https://en.wikipedia.org/wiki/Nataliya_Gumenyuk
Frances Haugen: https://en.wikipedia.org/wiki/Frances_Haugen
Haugen Frances: https://en.wikipedia.org/wiki/Frances_Haugen
Ron Haviv: https://en.wikipedia.org/wiki/Ron_Haviv
Jonathan Heawood: https://en.wikipedia.org/wiki/Jonathan_Heawood
Haviv Ron: https://en.wikipedia.org/wiki/Ron_Haviv
Heawood Jonathan: https://en.wikipedia.org/wiki/Jonathan_Heawood
Sophie Huet: https://en.wikipedia.org/wiki/Sophie_Huet
Huet Sophie: https://en.wikipedia.org/wiki/Sophie_Huet
Nicole Jackson: https://en.wikipedia.org/wiki/Nicole_Jackson
Jameel Jaffer: https://en.wikipedia.org/wiki/Jameel_Jaffer
Jackson Nicole: https://en.wikipedia.org/wiki/Nicole_Jackson
Jaffer Jameel: https://en.wikipedia.org/wiki/Jameel_Jaffer
Michael Jensen: https://en.wikipedia.org/wiki/Michael_Jensen
Mitra Kalita: https://en.wikipedia.org/wiki/S._Mitra_Kalita
Jensen Michael: https://en.wikipedia.org/wiki/Michael_C._Jensen
Kalita Mitra: https://en.wikipedia.org/wiki/S._Mitra_Kalita
Carine Kanimba: https://en.wikipedia.org/wiki/Carine_Kanimba
Anup Kaphle: https://en.wikipedia.org/wiki/Anup_Kaphle
Ritu Kapur: https://en.wikipedia.org/wiki/Ritu_Kapur
Kanimba Carine: https://en.wikipedia.org/wiki/Carine_Kanimba
Kaphle Anup: https://en.wikipedia.org/wiki/Anup_Kaphle
Kapur Ritu: https://en.wikipedia.org/wiki/Ritu_Kapur
Fergal Keane: https://en.wikipedia.org/wiki/Fergal_Keane
Jack Kelly: https://en.wikipedia.org/wiki/Jack_Kelly_(actor)
Tara Kelly: https://en.wikipedia.org/wiki/Tara_Kelly
Keane Fergal: https://en.wikipedia.org/wiki/Fergal_Keane
Kelly Jack: https://en.wikipedia.org/wiki/Jack_Kelly_(actor)
Yasir Khan: https://en.wikipedia.org/wiki/Yasir_Khan
Ivan Kolpakov: https://en.wikipedia.org/wiki/Ivan_Kolpakov
Kolpakov Ivan: https://en.wikipedia.org/wiki/Ivan_Kolpakov
Tina Lee: https://en.wikipedia.org/wiki/Tina_Lee
Adam Levy: https://en.wikipedia.org/wiki/Adam_Levy
Lee Tina: https://en.wikipedia.org/wiki/Tina_Lee
Levy Adam: https://en.wikipedia.org/wiki/Adam_Levy
Mark Little: https://en.wikipedia.org/wiki/Mark_Little
Little Mark: https://en.wikipedia.org/wiki/Mark_Little
Moky Makura: https://en.wikipedia.org/wiki/Moky_Makura
Makura Moky: https://en.wikipedia.org/wiki/Moky_Makura
Mia Malan: https://en.wikipedia.org/wiki/Mia_Malan
Jane Martinson: https://en.wikipedia.org/wiki/Jane_Martinson
Malan Mia: https://en.wikipedia.org/wiki/Mia_Malan
George Montagu: https://en.wikipedia.org/wiki/George_Montagu
Robb Montgomery: https://en.wikipedia.org/wiki/Robb_Montgomery
Montagu George: https://en.wikipedia.org/wiki/George_Montagu
Montgomery Robb: https://en.wikipedia.org/wiki/Robb_Montgomery
Chris Moran: https://en.wikipedia.org/wiki/Chris_Moran
Darryl Morris: https://en.wikipedia.org/wiki/Darryl_Morris
Mitali Mukherjee: https://en.wikipedia.org/wiki/Mitali_Mukherjee
Moran Chris: https://en.wikipedia.org/wiki/Chris_Moran
Morris Darryl: https://en.wikipedia.org/wiki/Darryl_Morris
Mukherjee Mitali: https://en.wikipedia.org/wiki/Mitali_Mukherjee_(journalist)
Dmitry Muratov: https://en.wikipedia.org/wiki/Dmitry_Muratov
Muratov Dmitry: https://en.wikipedia.org/wiki/Dmitry_Muratov
John-Allan Namu: https://en.wikipedia.org/wiki/John-Allan_Namu
Sunita Narain: https://en.wikipedia.org/wiki/Sunita_Narain
Nic Newman: https://en.wikipedia.org/wiki/Nic_Newman
Namu John-Allan: https://en.wikipedia.org/wiki/John-Allan_Namu
Narain Sunita: https://en.wikipedia.org/wiki/Sunita_Narain
Newman Nic: https://en.wikipedia.org/wiki/Nic_Newman
Rasmus Nielsen: https://en.wikipedia.org/wiki/Rasmus_Nielsen
Ron Nixon: https://en.wikipedia.org/wiki/Ron_Nixon
Karuna Nundy: https://en.wikipedia.org/wiki/Karuna_Nundy
Bastian Obermayer: https://en.wikipedia.org/wiki/Bastian_Obermayer
Nielsen Rasmus: https://en.wikipedia.org/wiki/Rasmus_Nielsen
Nundy Karuna: https://en.wikipedia.org/wiki/Karuna_Nundy
Obermayer Bastian: https://en.wikipedia.org/wiki/Bastian_Obermayer
Joshua Olufemi: https://en.wikipedia.org/wiki/Joshua_Olufemi
Olufemi Joshua: https://en.wikipedia.org/wiki/Joshua_Olufemi
Taylor Owen: https://en.wikipedia.org/wiki/Owen_Taylor
Julie Pace: https://en.wikipedia.org/wiki/Julie_Pace
Owen Taylor: https://en.wikipedia.org/wiki/Owen_Taylor
Pace Julie: https://en.wikipedia.org/wiki/Julie_Pace
Ruth Palmer: https://en.wikipedia.org/wiki/Ruth_Palmer
Palmer Ruth: https://en.wikipedia.org/wiki/Ruth_Palmer
Khadija Patel: https://en.wikipedia.org/wiki/Khadija_Patel
Miranda Patrucic: https://en.wikipedia.org/wiki/Miranda_Patrucic
Patel Khadija: https://en.wikipedia.org/wiki/Khadija_Patel
Patrucic Miranda: https://en.wikipedia.org/wiki/Miranda_Patrucic
Brianne Pfannenstiel: https://en.wikipedia.org/wiki/Brianne_Pfannenstiel
Cheryl Phillips: https://en.wikipedia.org/wiki/Cheryl_Phillips
Pfannenstiel Brianne: https://en.wikipedia.org/wiki/Brianne_Pfannenstiel
Phillips Cheryl: https://en.wikipedia.org/wiki/Cheryl_Phillips
Julie Posetti: https://en.wikipedia.org/wiki/Julie_Posetti
